<Schema name="BiDemo">
  <Dimension name="CUSTOMER">
    <Hierarchy name="Customer" hasAll="true" primaryKey="ID">
      <Table name="BIDEMO_DIM_CUSTOMER" schema="PUBLIC"/>
      <Level name="Territory" uniqueMembers="false" column="TERRITORY_NAME" type="String">
      </Level>
      <Level name="Country" uniqueMembers="false" column="COUNTRY_NAME" type="String">
      </Level>
      <Level name="City" uniqueMembers="false" column="CITY_NAME" type="String">
      </Level>
      <Level name="Name" uniqueMembers="false" column="NAME" type="String">
      </Level>
    </Hierarchy>
  </Dimension>
  <Dimension name="Product">
    <Hierarchy hasAll="true" primaryKey="ID">
      <Table name="BIDEMO_DIM_PRODUCT" schema="PUBLIC"/>
      <Level name="Product Line" uniqueMembers="false" column="PRODUCT_LINE_NAME" type="String">
      </Level>
      <Level name="Name" uniqueMembers="false" column="NAME" type="String">
      </Level>
    </Hierarchy>
  </Dimension>
  <Cube name="BiDemo">
    <Table name="BIDEMO_FACT_ORDER_LINE" schema="PUBLIC"/>
    <DimensionUsage name="CUSTOMER" source="CUSTOMER" foreignKey="CUSTOMER_ID"/>
    <DimensionUsage name="Product" source="Product" foreignKey="PRODUCT_ID"/>
    <Measure name="QUANTITY" column="QUANTITY" aggregator="sum"/>
  </Cube>
</Schema>