<?xml version="1.0" encoding="UTF-8" standalone="yes"?>
<ns2:ExportManifest xmlns:ns2="http://www.pentaho.com/schema/">
    <ExportManifestInformation exportDate="30-12-2016 03:35:33 SAMT" exportBy="admin" rootFolder="/home/admin/" manifestVersion="2"/>
    <ExportManifestEntity path="ProductsByTypeAndLocation.xanalyzer">
        <ExportManifestProperty>
            <EntityMetaData name="ProductsByTypeAndLocation.xanalyzer" createdDate="2016-12-30T15:34:07.125+04:00" isFolder="false" path="ProductsByTypeAndLocation.xanalyzer" isHidden="false" locale="ru_RU" title="ProductsByTypeAndLocation"/>
        </ExportManifestProperty>
        <ExportManifestProperty>
            <EntityAcl>
                <entriesInheriting>true</entriesInheriting>
                <owner>admin</owner>
                <ownerType>USER</ownerType>
            </EntityAcl>
        </ExportManifestProperty>
    </ExportManifestEntity>
</ns2:ExportManifest>
